id,HIN
0,आ ध ि
1,आ क ा श
2,आ प
3,आ य ा श ा
4,आ य ी
5,अ ब ् द ु ह ा र
6,अ ब े र ह ं त
7,अ ब े र ी
8,अ ब ू र
9,अ ब ् र ी
10,अ क े ड म ी
11,ए क ो म ो क ् य ा म ो न
12,ए क ो र ् न
13,ए ड म ् स
14,अ द ग ा ं व
15,ए ड ् ल ा ब ् स
16,अ ग र ो
17,अ ह ् ल ा द ा
18,ऐ र
19,ऐ स ि न
20,अ ज ी
21,अ भ ा य
22,अ ज ी थ
23,अ क र म
24,अ क े ल े
25,अ ख ् र ी
26,अ क ो ड ा य ा
27,अ क ु र ् द ि
28,अ ल ा स
29,ए ल ् ब ा न ी
30,ए ल े स ् ट र
31,ए ल े क ् स
32,अ ल ी प ु र
33,अ ल ् क ा ल ी
34,अ ल ् प े श
35,अ म ा न त
36,अ म े र ि क न
37,अ म ो द ि न ी
38,अ ं ध ा
39,ए ं ग ल
40,अ न ् न ा
41,ए न
42,ए ण ् ट ी ब ो ल ी
43,आ ँ व
44,अ प न े
45,अ र ा फ त
46,ए र ि य ा स
47,आ र ् क
48,अ र म न
49,ए र ् म स
50,ए र ् न ो ट
51,आ र ् स ि क े र
52,ए र ् ट
53,आ र ् थ र ् न ् ट
54,अ श ो क ा
55,अ श ् र ा म
56,अ स ् प े र
57,ए स ् ट ल
58,अ थ ी
59,अ त ि
60,ऑ क ् क ल ै ं ड
61,औ द ा न
62,ऑ ल ि य ा
63,ऑ स ् ट ् र ो
64,ए व े ल ि न
65,ए व र ् ड ् ‍ स
66,औ र ा
67,आ य ब क
68,ए य ं ग े य
69,ब ा ग ु र
70,ब ा न
71,ब ा त
72,ब द ा
73,ब द म श ा र
74,ब द े र
75,ब ध ो
76,ब द म श ा ँ
77,ब ा ग द ा द ी
78,ब ह र व ा ल ी
79,ब ल म ा न ि
80,ब ा र ् ड ि ग ल
81,ब ल ख म ा म
82,ब ल व ा ं त
83,ब ा म ो र ी
84,ब ै ं ड र ा ल ि त ा र े क
85,ब ै ं ड ो प ै ड ् य ो
86,ब ं श ा ल ् य ा
87,ब ा य र ी
88,ब र ा ई ग ् र ा म
89,ब र ् न ी
90,ब र स ा र ो
91,ब ा य र े
92,ब त ् त ि
93,ब त ू
94,ब य ा ज़ ि द
95,ब ज ़ ा र
96,ब ी क न
97,ब ी न
98,ब ी थ व े न
99,ब े ग म
100,ब े ग ु म ् म
101,ब ह र ा म
102,ब े म ् ब ् र ि ज
103,ब े ं ग ल ा ल
104,ब े न ि ट ो
105,ब े न स ो न ् व ा ल
106,ब े र े न ् ड ् र े च ् ट
107,ब े ट ा
108,ब े ट े
109,ब े र ी
110,भ ा र ा
111,भ ा ब ी
112,भ ा क
113,भ ं ज न
114,भ ा र ो स
115,भ ा र ु च ् च
116,भ ट ् न ा ग र
117,भ ा ज य ा
118,भ े ड
119,भ ू ल
120,भ ू व ा न ा व ि र ा ह ि
121,ब ि भ ो र
122,ब ि ज ा न ी
123,ब ि ख र े
124,ब ि क ् र ो म
125,ब ि ल ् ह ा र
126,ब ि ल ् ल
127,ब ि ल ् स न
128,ब ि य ो च े म
129,ब ि र ज ् ज
130,ब ि स ा ल व ा स
131,ब ् ल ै क व र ् ल
132,ब ् ल ि क ् स
133,ब ् ल ि ग ् र ो ट
134,ब ् ल ि ं ड
135,ब ो च र
136,ब ो ड ि य र
137,ब ो ए ट ा
138,ब ॉ ज ़
139,ब ू
140,ब ू क ् र
141,ब ो र ् ड न
142,ब ो श ् च र
143,ब ॉ ल े स
144,ब ् र े स ् व ा ल र
145,ब ् र ह म ा न
146,ब ् र ह ् म ा न ् य ा
147,ब ् र ी स
148,ब ् र े ट न
149,ब ् र े व र ी
150,ब ् र े न ् ट
151,ब ् र ो म ो
152,ब ् र ू क
153,ब ् र ो स
154,ब ् र ॉ थ र ् स
155,ब ् र ॉ न ् व ो ल ो
156,ब ् र ू न ा ल
157,ब ु क ् ल ै ं क
158,ब ु ल ् फ ि न
159,ब ु र े य ू
160,ब र ् म ह ा र ा
161,ब ु श
162,ब ू य
163,ब ी र ो न
164,क ै ल ग र ी
165,क ै म ् ब ल
166,क न ा ड ा स
167,क ै प ो न
168,क ै र ि ं ग
169,क ै र ी
170,क ॉ ल ् फ ि ल ् ड
171,च द र
172,च क र ा ध ा र ी
173,च ं ब ल े न
174,च ं ग े ज़
175,च ं क ा न ब
176,च प े ल
177,च र ि थ
178,च ा र ् ट ् र े स
179,च ा र ् ट ् स _ य ू र
180,च ा स ् स ी स
181,च ा फ ् ट ी ल
182,च त ् त र ज ी
183,च त ् त र ज ी
184,च ौ द र ी
185,च ै ल ् स
186,च ी र
187,च े म ि क ा ल
188,च े न ् न ा क े स व ा
189,छ ू
190,च ि ल ब ि ल ा
191,च ि प े व न
192,च ि र ् स ् ट न
193,च ो य स
194,च ो ल व ा र ा म
195,च ो र न
196,च ो र व ा ड ़
197,क ् र ो न ि क ल
198,च र ् च ि ल ि क
199,च ् य ू ल ु
200,स ि ड े ड ् स
201,स ि म ा र ा इ ट ि य ो
202,स ि ट ा ल े र
203,क ो ट
204,क ो क ा
205,क ो फ ी
206,क ो ल ा
207,क ो ल ो र
208,क म ा ं ड न ् ट ा य र
209,क ॉ म ् प ट र ् स
210,क ो ं ड े क ् र ा इ स न
211,क ो ं ड ि ल े न ा
212,क ो न ् स ो ल ् ड े क े ट
213,क ु ल ा ग ा
214,क ो प ो
215,क ो र ा ज ़ ो ल
216,क ो स ि य र
217,क ो ट ् ट
218,क ् र े फ
219,क ् र ो न ज ़
220,क ् र ू न ् ख र
221,क ् र ो स ि ं ग
222,क ् र ो न
223,क ु ल ् ट ू र
224,क ु र ् ट ी ल ् स
225,स ि ब र
226,द ा ल
227,द भ ो य
228,ड ा ब ल ी
229,ड ा य ग ु र
230,ड ा ग ल ा प
231,द ह ा द े
232,द ह े श ् म
233,द ै ई
234,ड ै र ि म ल
235,द म ् म द ा
236,ड ै न ी
237,ड े प े ं ग
238,ड ै र ि ल
239,द ौ र
240,ड े व ि ड
241,ड े व ि स
242,ड े य र
243,ड ी ड
244,ड े स ब र ् न
245,द ी व न े न
246,ड े र ् ड ् र य ू न
247,ड े क
248,द े ख र
249,ड े न ा
250,ड े न ् ज ़ े ल
251,ड े प ो ट
252,ड े र ि क
253,ड े स
254,ड े स ो ट ो
255,द े व द ् ‍ स
256,ध ा ह ि र
257,ध ा ल ब ी प ा ल
258,ध ा र ी
259,ढ ो ब र ी
260,ड ा य म े ं ड
261,द ि ब ो श
262,ड ि क ् म न
263,ड ि क े
264,द ि ल ह र ा
265,द ि ल व ा ल
266,द ि न ा
267,ड ि य ो र
268,ड ि प ् ल ो म े ट ि क ा र
269,ड ि स ब े ल ् ड
270,ड ि स ् क
271,ड ि स ् न ी
272,ड ् र ि ल क
273,ड ो ड ी
274,ड ॉ ल र
275,ड ो ं ग र ा ग ढ ़
276,ड ो न ा व ् ह ा य न ् य ू श
277,ड ो न ो
278,द ू ल ् ह ा
279,ड ् र म ा
280,ड ् र ा व ि द
281,ड ् र ा व ि ं ग
282,ड ् र ि प ि ं ग
283,ड ् र ि व े ड
284,ड ् र ू स ि ल ा
285,ड ु क ा क ि स
286,ड ु ल ि प
287,द ् व ा र क े श ् व
288,ड ि म ो क
289,ए ड ो
290,ए ड ग र
291,ए ड म ं ड ् ‍ स
292,ए ग ् र ो म
293,ए ग ि प ् ट ी न
294,ई ं स ् ट न
295,ए ल ् ब ि ट
296,ए ल ् ड र
297,ए ल ् ड र ् स
298,ए ल न
299,ए ल ् म र
300,ए ल ि ं ग
301,ए म ् ब र ् य
302,ए ं ट र प े र ि स
303,ए र ् ड ह ं ड
304,ए र ि क ा ल
305,ए र ् व ि न
306,ए र ् व ि न
307,ए र ् ज ़ ् ह े न ् ज ़ ा र ् ड
308,ए स ् ट न _ य ा न
309,ए स ् ट ् र े ल ा
310,ए ट म े ड
311,य ु ग े न ि य ा
312,ए क ् प ् र ो ल
313,ए य ् ड
314,फ ै न ् ट े स ी
315,फ ा र ् ग ो
316,फ ै स ् ट न र ् स
317,फ ज़ ा ल
318,फ ा ज़ ल
319,फ र ् न े ड ो
320,फ े र े र ो
321,फ े र ो
322,फ ो ं ड
323,फ ़ ् र े ड क ् र ि क ् क
324,फ ़ ् र ि स ् स ा र ् स
325,फ ् र ो ं ट र
326,ग ा ड ग ल
327,ग ा ड ् र ा
328,ग ा ल क ि द ् य
329,ग े ल ि य ा ल ि य ो
330,ग ै ल न ् ट ी
331,ग ं भ ी र ी
332,ग न ा ग ु प ा र
333,ग न े ग ा म ा
334,ग र म
335,ग र ् म
336,ग ा र ् न
337,ग ॉ स ् स
338,ग ौ त ा म ा
339,ग ौ व ि न
340,ग े र े ल ् ड र
341,ग े र ि त ा
342,ज र ् म ि य न
343,घ ा व न ा क ा र
344,ग ़ ज ़ ल ी
345,घ ो ड ा
346,घ ो र च ा र
347,घ ु ल ा ल
348,ग ि फ ो र ् ड
349,ग ् ल े ड ि स
350,ग ् ल ा म ो र ् ग न
351,ग ् ल ो ब
352,ग ो ख ल े
353,ग ो क ् ट े
354,ग ो ं ब
355,ग ो न ् क ् र ो ं ट
356,ग ो र ् च _ स ् व ो र
357,ग ो स ् क ा व न
358,ग ो स ् म ा व ी
359,ग ो व ि ं द ग ढ ़ ा र
360,ग ् र ा फ
361,ग ् र े य
362,ग ् र े न ् ट े क ् थ
363,ग ् र े व ि ल
364,ग ् र ॉ स
365,ग ु ध ा
366,ग ु ज र ा त
367,ग ु ल ा ब ी
368,ग ु ल ् फ
369,ग ु न ् द े र ि प ल ् म
370,ग ् क ा व
371,ह ा म ि द
372,ह फ ी ज़
373,ह ै ल े
374,ह ा ल ् फ
375,ह म ा म ा ह
376,ह ै न ् स
377,ह र ा
378,ह र स ि ं ग
379,ह र व े य
380,ह र व ि ल ् ह
381,ह ट ा
382,ह े य
383,ह ी र ो न
384,ह े ल ् स
385,ह े म ि ं ग ् स
386,ह ि ग र
387,ह ि ल ग ि फ ़ र
388,ह ि ल ् ल
389,ह ि ल ् स _ क ् र े ं ट
390,ह ि ं द ु स ् त ा न
391,ह ि स ा ब
392,ह ि य ो
393,ह ॉ ग ् र
394,ह ॉ ल ् ड र
395,ह ो ल
396,ह ॉ ल ि ड े
397,ह ॉ म े स ् ट े ड
398,ह न ् ड ा
399,ह ो न
400,ह ू न
401,ह ो स ा न ा
402,ह ु ब ् ब
403,ह ड स े ल ् फ ़ र ् ड
404,ह ् य ु ग ् र ी
405,ह ु ल ् ल
406,ह ु म ा र ी
407,ह म ् ग े
408,ह ु न ै द ह ा र
409,ह ं द र ् द
410,ह ं ट
411,ह ु स ् न
412,ह ा इ ड ् र ि ज ि ं ग ् स
413,इ ब ् द त
414,इ क ह ा ँ
415,इ ग ् ल े ज ् स न र
416,इ म ा ग े
417,इ न ा म
418,इ न ् द ु क ा ं त
419,इ ं ग र स ा ल
420,इ ं स ा फ ा र ् न
421,इ ं स ् ट ् र ि य न स न
422,इ ं ट र न े श न ल _ ट े क ् र ो ल
423,इ ं ट र न े श न ल ा य र
424,इ र ि श ् म े न
425,इ स ् ल े
426,इ स ् ट व ा न
427,इ ट ा ल े न ् य ो
428,इ ट ा व ा
429,इ व र ् ट न
430,ज ा फ र ी
431,ज ा न ी
432,ज ा र ् स व े ल ् ड
433,ज ै क ् ब र
434,ज ह ा र ् स
435,ज ै स े
436,ज य त ू र ी
437,ज ल ् त ि
438,ज म ा ई
439,ज म द ा
440,ज न स र ा ध र
441,ज ं ज ग र
442,ज व ा ग ल
443,ज य न ग र
444,ज य ं थ ा
445,ज य प ् र क ा श ् द र ा न
446,ज े स ि ल ् स
447,ज े य ो
448,ज ी त ा
449,ज े ट
450,ज ी व श
451,झ ु क ् क
452,झ ु क े ं ग े
453,झ ु क ् त ा
454,ज ि ल ा न ी
455,ज ि म ् म
456,ज ि न
457,ज ो
458,ज ॉ प ् ध ि र ी
459,ज ो ह न
460,ज ु ं ग े
461,ज ् व ा र
462,ज ् य ो त ी ब ा
463,ज ् य ो ट र ि ं ग ल ा
464,क ा ल ा
465,क ा म ि ल
466,क ा श ी
467,क ब ् र
468,क ब ी र ा
469,क ा ज र ि य ा
470,क ल ् प ा ग े
471,क ा म ् ब ल ी
472,क न क ल त ा
473,क ं द ा ब ी म
474,क ं द ा व म स ि न ् स
475,क ं ध ल
476,क न े न ग र ा
477,क ै न े र ि य ा
478,क ा न ् ह ा य ा
479,क ै ं ट
480,क न ् य ा
481,क र म ा ह
482,क र ं ज व ा न
483,क ा र े ग ा
484,क ा र ् ल
485,क ा र ू ं ग ् र
486,क ा र ् व ा
487,क स ् त ु र ी
488,क ै ट ल ि न
489,क ै ट ् स
490,क व ा च ी
491,क ा ज़ ि म ् ब
492,क ी ट ् स
493,क े न े ड ी
494,क े न े ड ी
495,क े न ो श ा
496,क े र
497,क े ट ल
498,क े त ु र
499,ख ा ल े र
500,ख ा न ा
501,ख ै र ि य ा ह ा ह
502,ख य ् य ा म
503,ख े ल ् ट े
504,ख ो ड ा
505,ख ू न ी
506,ख ु फ ि य ा
507,क ि ज ् क ि ट
508,क ि ल ् ल ा र ् न ी
509,क ि र ् म न ि
510,क ि स
511,क ि स
512,क ि स ी
513,क ि स ् स ा
514,क ि ट ् ट न
515,क ् ल ो स े न र
516,क ो ल
517,क ो न
518,क ो र े न
519,क ो स न
520,क ो ट ो
521,क ् र े ब ् स
522,क ् र ि स
523,क ु ल ा स े क र ा
524,क ु ट ् ट
525,क ् य ो ं ज ी
526,ल ै क
527,ल ा ज व त ी
528,ल क ् ष ् म ी प त ि
529,ल ा ल
530,ल ै ं ड
531,ल ै न न
532,ल ै स
533,ल ा स ् क र
534,ल ा य े ग ी
535,ल े ह म न
536,ल ी य
537,ल े ं ग े
538,ल े ट र ् स
539,ल े व र
540,ल े य ल ै ं ड
541,ल ि ग ् ट
542,ल ि ं ड ी
543,ल ि स ा
544,ल ॉ ब े क ् स ि स ् क ी
545,ल ो ह ा
546,ल ो क
547,ल ॉ य ल ि च ् द े स
548,ल क ् ज ़ ी
549,ल ् य ू प ो ट
550,ल ु थ र
551,ल ा य न
552,ल ि ट न
553,म ा ह ि र
554,म ा ं ग े
555,म ा र
556,म े स व े न
557,म ै क क ा य र
558,म द
559,म द र ी
560,म ै ड ि न
561,म ग ् न ा
562,म ह ् ब
563,म ह ा ज ी ब ा न
564,म ह ा प त ् र
565,म ह ो म ् म े द
566,म ै ल ा र
567,म ल
568,म ा ल क ा
569,म ा ल ु क _
570,म म त ा
571,म ण ि क ु प ु र
572,म ं ज ु र ा ल
573,म न ् न ा र
574,म ं स ू र
575,म ा र ् क ो न ् ट े न ि य ो
576,म ा र ् च े स
577,म ै र ी
578,म ा र ् ज ि न ा
579,म र ु ध ा ध न ा ल ी
580,म ा स ् ज ि द
581,म ा स ो न
582,म त व ा ज ़
583,म थ े व ा र ् स
584,म त ् त
585,म त ् त ि स
586,म ॉ न ् स ् ल े र
587,म व े ं ग े
588,म ौ ल न ा
589,म ै क ल ि य र
590,म े ड ा
591,म े घ द ू त
592,म े ह र
593,म े ह र ब र ्
594,म े ई
595,म े ल र ा ह ा
596,म े म ो र ि य ल
597,म े न र ा
598,म े ं ग ् क ा ं ग
599,म े र ा
600,म े र ी
601,म े र ि ट
602,म े र ि ल
603,म े ट ल
604,म े थ
605,म े थ र ु स ् ल ा ह
606,म े क ि क न
607,म े र ि क ् क
608,म ै ल े
609,म ि श े ल र
610,म ि श ो ल ी
611,म ि ड ल ॉ ट न
612,म ि ल े य ो
613,म ि ं ट ो
614,म ि च ् म ा म
615,म ि ट े ग े न ् स
616,म ि त ् स ब ि श ी
617,म ो न ि द ् द ी न
618,म ो न स ा ं ट ो
619,म ॉ न ् ट ् र ि न
620,म ो र ो न ि स ी
621,म ो र ् र ो
622,म ा उ ल ् ट ि य र ् स
623,म ा उ थ
624,म ो ज ़ र ् ट
625,म ृ ण ा ल ी
626,म ु ज ी ब ् र े ज
627,म ु ल ् ह ु स
628,म ु ल ् ट ी
629,म ु न ी म ा र
630,म ु न ् स ि फ ् ज ़
631,म ु र ा थ ि ल ा र ा न
632,म ु र ् ड ो च ा र
633,म ु श ् फ ि क र
634,म ु त ा र ा ह
635,म ि य र
636,न ा म ि
637,न ा त े
638,न ा ग ा म ू त ु
639,न ा ह ि न
640,न ख ि ज ़ ो म ि ल
641,न न स े न
642,न ै स ् क ो प ी
643,न श ी न
644,न व ा ज़ ा र ्
645,न य ् य ा
646,न ज़ र
647,न ी ल े
648,न ी र ा
649,न े त ् र व त ी
650,न ि ग ् ट
651,न ि ग ् ट ि ं ग ल
652,न ि क ि त ा
653,न ि म ् र ो द
654,न ि र ् द ो श ी
655,न ि श ् च ा य र
656,न ॉ ल ् ट
657,न ू र ् ड
658,न ॉ र ् थ ह े न
659,न ॉ र ् थ म ा र ् ड ि य ा
660,न ो ट ि ं घ म
661,न ो व ा म े र ि क न
662,ऑ ड ् र ो न ि य ा
663,ओ च ं क
664,ओ र
665,ऑ र ् ल ि य र
666,ओ र ् म ु ल ा
667,ओ स ा म ु र ् ट
668,ओ व र ल ै ं ड
669,प ा न ् द ु र ा
670,प े ं ट र
671,प ा ल ा ं क ा
672,प ा ल ु ं ग
673,प न ा म ा
674,प ं ट ा न ल
675,प ा प ् स प ् र े स
676,प र
677,प ा र ् क े ल
678,प र ि न ा र त
679,प र क ा र
680,प ा र ् क ् स
681,प ा र ् थ ि व ् स
682,प र व ा त
683,प ा स ् क ो ल
684,प ा स ि न ा
685,प ा स ् क ु ल
686,प त ् न ी
687,प ै ट न
688,प ॉ ल ् स
689,प ा व र ो त ् त ी
690,प े य ं ग ल
691,प ै य ो ड
692,प ी च ल
693,प ा य र ् स ल
694,प ा य र स न
695,प े ं ट े म े ड ि य ा
696,प ि य ो प े ल ् स
697,प र ् स न
698,प ी ट र ् स
699,प ी ट र ् स न
700,फ ि ल ो
701,फ ू ल व त ी
702,फ ो ट ो
703,फ ो ट ो फ ् र े फ ी
704,प ि क ् क
705,प ि क ् न ि क
706,प ि ए ट
707,प ् ल े स
708,प ् ल े ट
709,प ॉ ल ि क ् क
710,प ो ल ि ड क ॉ व
711,प ो ं ट ि य ा क ् स
712,प ो ं ट ि स
713,प ू र ी
714,प ो प
715,प ो र ् ट ा ल ा
716,प ो स ् ट
717,प ् र भ ा त ी
718,प ् र ा श ु र
719,प ् र म ो द ् र ा
720,प ् र े ग ल
721,प ् र े म ि य ो
722,प ् र े स ि न ् व ो र ा
723,प ् र े स
724,प ् र ि स ् ट
725,प ् र ि ं ट
726,प ् र ो फ े स ् न ी ल ा र
727,प ् र ो फ े ल ि स
728,प ् र ो व ि न ि स न
729,प ् र ु थ
730,प ु ब ् ल ि क ् स
731,प ु क ा
732,प ु क ा र ा ग ा
733,प ं ज ा
734,प ु र ब ् प
735,प ु र ा न ी
736,प ु र ो स ् क र
737,प ू र ् व े ड ो
738,प ु र ् ज़ ा
739,प ् य ा र े
740,क ि न
741,क ु आ ड
742,क ् व ा ल ि य ा ट ी
743,क ् व ा न ू न
744,क ु आ र ब ा न
745,क ् व ा ल ा
746,र द ा
747,र ा ग ू न ् थ ा र
748,र ा ह म ा ह
749,र ा ह ो
750,र ा ह ु ल
751,र ै न
752,र ै न ा
753,र ा ज े श
754,र ा ज ह र ा
755,र ख र ा
756,र ा म ् क ो
757,र म द ी न
758,र ं च ि
759,र ं ग ी ल े
760,र ं ग ी न
761,र ै ं ग ल ि य र
762,र क ी ब ु ल
763,र श ् क
764,र ा स ् त ् र ि य ा
765,र े ड ि ड ् स
766,र े फ ि न
767,र े न ी
768,र ि स ा र ् च
769,र ि ग ् ट
770,र ि म ् म
771,र ि प र
772,र ि च ् च ी
773,र ॉ ब ि न ु द
774,र ॉ न ् ट ी इ ट
775,र ू प ा
776,र ू थ ा
777,र ु क ा
778,र श
779,र ु थ
780,र ू ज ़ ी न
781,र ि य ा न
782,र ि य ा न ् न
783,र ि ड र
784,स ्
785,स ा ब ् ब
786,स च ् च ा ई
787,स द ा श ि व ् स
788,स द ी म र
789,स ध ा न ा
790,स द ् र ा
791,स फ ि य ा ह
792,स ा फ ु ल
793,स ै द
794,स ा फ ि ल
795,स ै ग ा ल ा ल
796,स े ं ट
797,स ल े ह
798,स म ा
799,स ै म ी ज ़
800,स न ा प ु र
801,स ै न ि ट र ी
802,स ं क े ट
803,स प
804,स ै प र ा
805,स र ि य ा ह
806,स र ो व ा र
807,स त ् त ा
808,स त ् त ा र
809,स त ् त े
810,स ा व ू र ् स
811,स ा व र
812,स ै म ् य ु क ् ट ा
813,स ् क ि य ो ल र
814,स ् क ि स र
815,स ् क ॉ र ् प ि य ा
816,स ् क ॉ ट ि श न
817,स े ब ् स ् ट े न
818,स े ब ल ा त
819,स े क ा न ् ड े ब र ् ड
820,स ी ध ा
821,स ी ख र
822,स े य ॉ र ्
823,स े क ी
824,स े न ् फ ़ र ् ड
825,स े ल े क ् क
826,स े न ि य र
827,स े र ् ज ि य ा ं ट
828,स े थ
829,श ा न क ी
830,श ह द र ा
831,श क े श ् प ी र
832,श म ् म
833,श म ् श े र ा
834,श ं द ा
835,श ा न ी
836,श त ् र ु ज य ा र ी
837,श ौ क त
838,श ौ ल
839,श ी ह ा र ी
840,श ी त ल ा
841,श े ख ा र
842,श े क ् क
843,श े र ि द ा न
844,श े र व ि न
845,श ि ल ि ं ग ो र ् फ
846,श ि व ा ज ी
847,श ि व ा म
848,श ो ख ा र
849,श ् र ा व त ् न ी
850,श ् र ा व न
851,श ु ब े ल ि क
852,श ु क ् ल ा
853,श ू न
854,स ि आ ड
855,स ि द ा थ
856,स ि ड ् ड ि क ल
857,स ि ग ो र ् न ी
858,स ि क ् क ी
859,स ि ल ् स
860,स ि ल ् व र ् ड
861,स ि त ा ब ल ् न ा ह र ् त ी
862,स ् क ी
863,स ् म ा ल
864,स ो ल ो म ो न
865,स ो ल ि य ो न ा य र
866,स ो म र स े ट
867,स ो न ि य ा
868,स ु ल ा ग ी र ी
869,स ो स ा
870,स ॉ फ ल ि य ो
871,स ो य ा
872,स ् प े स ि ल
873,स ् प ि ल ् घ र ् ट
874,स ् प ि न ि ं ग
875,स ् प ि य न
876,स ् प ॉ न ् न े
877,श ् र ी म ा र
878,स ् ट े न ा व ो
879,स ् ट े ट ् स
880,स ् ट ी ल
881,स ् ट ी ल ् स
882,स ् ट े न क ा
883,स ् ट ी फ न ् स
884,स ् ट ॉ य र ् ट
885,स ् ट ् र ा म ् ड र ी
886,स ् ट ् र ा य ड म
887,स ् ट ु र ् ट
888,स ् ट ि र ि स
889,स ु आ र
890,स ु ब ् र ा य म न ी म
891,स ु क र े
892,स ु द ि र म ा न
893,स ु ह ा ग ा
894,स ु ह ै ल ा
895,स ु ज ी
896,स ु ल ा ग ट
897,स ु म र ् प र
898,स ु ं द र म
899,स ु प र
900,स ु प ा फ ो ं ग ल
901,स ु स ा न ा
902,स ् व ा न
903,स ् व ि न ि ब र
904,स ि ं च र ि न ् स _ ड ो र
905,त ा ब ि श
906,त ह ल ि य ा न ा
907,ट ै ल ि य र
908,त ै प ी
909,त ं द ा
910,ट ै ं ड ी
911,ट े ं स ो क ो
912,त र ी ख ा
913,त ा व र ी
914,ट े व र
915,त व ं ड ा
916,त ी स ौ द ी
917,ट े ल े क ् ज ़ म
918,ट े ल े ग र ा ह
919,ट े र ि ब ल
920,ट े स ि क ा
921,ट े ज ़ ु क ा
922,थ ं ड ा
923,थ े
924,थ ी र ् ट
925,थ े ल ् स न
926,थ र ् म ा ल
927,द ी फ ् र े
928,थ ि ल ा न
929,थ ि ल ि न ा
930,थ ो र
931,थ ् र ॉ ग ् स
932,थ ु ग ु आ ़
933,ट ि क े ट
934,ट ि ट ि ं ग ् स
935,ट ि ग र
936,ट ि ल ् ट म ै न
937,ट ा इ म ल
938,ट ो ल ु क ा
939,ट ॉ म ल ि न
940,ट ॉ र े न ् ड
941,ट ् र े ट ि ं ग
942,त ् र ि क ा ल
943,ट ् र ू ट र े
944,ट ् व ा स ो
945,ट ु फ ि य ल ् स
946,त ु म ् ह ा र ा
947,ट र ् क ो
948,य े ब र ् न ो थ
949,उ ज े श
950,उ ल ् स ् ट र
951,य ू न ा इ ट े ड
952,उ प ् ल
953,उ श ा
954,उ थ ा न ा
955,उ ट ् स ा य ा
956,व ै ल र
957,व ॉ ल ् ट ी ग ल
958,व े ं ट ि स ि न ि क ो
959,व े ल ् क ो
960,व े म ् ब क ् त ो ट ी
961,व े न े ट ि य न
962,व े ं क ट ा प ा थ ी
963,व े र ि ज ़ न
964,व े स ु व ि य स
965,व ि भ ू ष ण
966,व ि क ा ल प
967,व ि ल े न ि क ा
968,व ि व ा ह
969,व ृ श ा ब ा र
970,र े ल ि स
971,व ह ी द ु ल ा र
972,व ा ल
973,व ा ल ा
974,व ॉ ल ि ं ग ट न
975,व ं द ा
976,व स ी म ा र
977,व क ् स ा र
978,व ् ह ि ट ि ं ग
979,व ि थ म ा न
980,व ि ट ् ‍ ट ा र
981,व ू प ा र ् ड
982,व ि ज स र ् य ु र ि य ा
983,व ि ल ि य म ् स न
984,व ि श ा र ् ट
985,व ि स ् न े क ् स ी
986,व ि थ
987,व ो ह ा र
988,व ॉ ल ् फ म न
989,व ु ल े
990,व ु ट र ् म ब र ् ग
991,य द ो न
992,य श ो ध र
993,य ो ग ी ं द ् र
994,ज ब ् ब ा र
995,ज़ ह ी र
996,ज ़ े ल ् व े ज ़ र
997,ज ़ े प े ल ि न
998,ज ़ ि ं द ग ी
999,ज़ ि य ो न